company_name,more_info
virtusaconsultingservicespvt.ltd.,https://www.timesjobs.com/job-detail/python-virtusa-consulting-services-pvt-ltd-pune-5-to-8-yrs-jobid-uQ47cYpy12NzpSvf__PLUS__uAgZw==&source=srp
CONNECTING2WORK,https://www.timesjobs.com/job-detail/python-trainer-connecting-2-work-calicut-kozhikode-0-to-3-yrs-jobid-MFJXBwZBWVhzpSvf__PLUS__uAgZw==&source=srp
eastindiasecuritiesltd.,https://www.timesjobs.com/job-detail/python-engineer-east-india-securities-ltd-kolkata-2-to-5-yrs-jobid-O9JSjUglX3hzpSvf__PLUS__uAgZw==&source=srp
SEVENCONSULTANCY,https://www.timesjobs.com/job-detail/python-developer-seven-consultancy-navi-mumbai-mumbai-4-to-7-yrs-jobid-FkIDizBcrYdzpSvf__PLUS__uAgZw==&source=srp
LAKSHHUMANRESOURCE,https://www.timesjobs.com/job-detail/python-developer-laksh-human-resource-mumbai-1-to-3-yrs-jobid-uUEqcx71MRdzpSvf__PLUS__uAgZw==&source=srp
zengatv,https://www.timesjobs.com/job-detail/python-developer-zenga-tv-gurgaon-2-to-5-yrs-jobid-cQGeFhRqgNdzpSvf__PLUS__uAgZw==&source=srp
DatagridSolutions,https://www.timesjobs.com/job-detail/python-developer-datagrid-solutions-mumbai-2-to-3-yrs-jobid-hdLfInxHIFxzpSvf__PLUS__uAgZw==&source=srp
INFINITYGROUP,https://www.timesjobs.com/job-detail/python-developer-infinity-group-noida-greater-noida-2-to-5-yrs-jobid-WKzksjq__PLUS__GXxzpSvf__PLUS__uAgZw==&source=srp
DREAMAJAXTECHNOLOGIES,https://www.timesjobs.com/job-detail/python-developer-dreamajax-technologies-bengaluru-bangalore-4-to-7-yrs-jobid-55iKtddZNCdzpSvf__PLUS__uAgZw==&source=srp
CONNECTING2WORK,https://www.timesjobs.com/job-detail/python-developer-connecting-2-work-thiruvananthapuram-5-to-10-yrs-jobid-15ymTnn475xzpSvf__PLUS__uAgZw==&source=srp
CONNECTING2WORK,https://www.timesjobs.com/job-detail/python-developer-connecting-2-work-cochin-kochi-ernakulam-2-to-3-yrs-jobid-CZYubAVhafJzpSvf__PLUS__uAgZw==&source=srp
SEVENCONSULTANCY,https://www.timesjobs.com/job-detail/python-developer-seven-consultancy-surat-9-to-12-yrs-jobid-Oi3jhp3isY5zpSvf__PLUS__uAgZw==&source=srp
websharaninfotech,https://www.timesjobs.com/job-detail/python-developer-websharan-infotech-pune-0-to-3-yrs-jobid-Ujq9FCZjPgtzpSvf__PLUS__uAgZw==&source=srp
InnOvatorWebSolutionsPvt.Ltd.,https://www.timesjobs.com/job-detail/python-developer-innovator-web-solutions-pvt-ltd-mumbai-5-to-8-yrs-jobid-Lb8uLETPZjVzpSvf__PLUS__uAgZw==&source=srp
AnalyticsVidhya,https://www.timesjobs.com/job-detail/python-developer-analytics-vidhya-gurgaon-5-to-8-yrs-jobid-1yt0PivXVN1zpSvf__PLUS__uAgZw==&source=srp
3RITechnologiesPvtLtd,https://www.timesjobs.com/job-detail/python-developer-3ri-technologies-pvt-ltd-pune-0-to-1-yrs-jobid-S9R7triGKgpzpSvf__PLUS__uAgZw==&source=srp
WingGlobalITServices,https://www.timesjobs.com/job-detail/python-developer-wing-global-it-services-panchkula-2-to-5-yrs-jobid-__PLUS__8RZpYIjbidzpSvf__PLUS__uAgZw==&source=srp
AxisTechnolabs,https://www.timesjobs.com/job-detail/python-odoo-axistechnolabs-ahmedabad-0-to-1-yrs-jobid-Zbmf2OtDaBxzpSvf__PLUS__uAgZw==&source=srp
RandstadMENA,https://www.timesjobs.com/job-detail/python-developer-randstad-mena-bengaluru-bangalore-null-5-to-8-yrs-jobid-oBKPBPbBhhhzpSvf__PLUS__uAgZw==&source=srp
Squareboat,https://www.timesjobs.com/job-detail/python-developer-squareboat-gurgaon-1-to-4-yrs-jobid-AgNqUBQO5hpzpSvf__PLUS__uAgZw==&source=srp
CONNECTING2WORK,https://www.timesjobs.com/job-detail/python-developer-connecting-2-work-thiruvananthapuram-0-to-3-yrs-jobid-6__SLASH__snZ2pfOutzpSvf__PLUS__uAgZw==&source=srp
CONNECTING2WORK,https://www.timesjobs.com/job-detail/python-developer-connecting-2-work-cochin-kochi-ernakulam-0-to-3-yrs-jobid-L9hVKxzFw79zpSvf__PLUS__uAgZw==&source=srp
NTTDataVertexSoftwareInc.,https://www.timesjobs.com/job-detail/python-developer-ntt-data-vertex-software-inc-bengaluru-bangalore-3-to-6-yrs-jobid-sfdUpHLno__SLASH__xzpSvf__PLUS__uAgZw==&source=srp
